urls,category
http://2vy3seh2uzpsri2rxxtqgm5dftm52v6dz2ot2gegfwkk2dznagwuirqd.onion/,marketplace 
http://3x3augxx3p4ihmsxpywjbblbojuafyolm2nkwv5frbim4jwwhcq2fcyd.onion/,marketplace 
http://4kqc46hixw66zqvpzzsbggjuo66wpikr26enzeuw32lioo4wh5zkx2yd.onion/,marketplace 
http://7hpnx3iiw4avlwtgswebizf5qofxcap6b73etqz4leqlp73dopemx5yd.onion/,marketplace 
http://6revo66osvjadkjccqoihxn4h62pu3ccd2pmsql2x6tivx5amm3cpjyd.onion/,marketplace 
http://3epkneltjskkpkwzh2jrproigp4ln7p4ndszoarp3nmspbvgwn4c4nqd.onion/,marketplace 
http://globdealh3hpoqdvqj6nixyzvhjucflff4tv65hzcfqz5ckwnajnepqd.onion/,marketplace 
http://gifthub7svcjtczkkfyg5fgdj6l7uhfppivk773uyq7h6g7qpuqd3dad.onion/?page=index,marketplace 
http://3bp7szl6ehbrnitmbyxzvcm3ieu7ba2kys64oecf4g2b65mcgbafzgqd.onion/,marketplace 
http://45xl2r2x6u4x2p7yxt5ix3ddqtvdzwr3bzdmlb7yvho5ukfmp7akvlid.onion/,marketplace 
http://2zkkcddgmkjw3igg7drgmyfwtffrgbcesezlbjnd3nkxx4orncx2l5ad.onion/,hacking
http://3f552hdcxvz4xi65iw56h4lemiyvps7yk6gym7hun52enmjslg2o6rqd.onion/,hacking
http://3vwpdbmsddk6ve5jc24cmvdta4k2zlynwfs5dksoxh6yw6emqq6kgtyd.onion/,hacking
http://4cad6o6bqu54ow32esmc67ih4ufs2in6zxgwfh6v7jnx6cco3zoulvad.onion/,hacking
http://2bia2onkcut54hdsqqc3dypu6exezgfoelrrjwpnkfvg633ax4wz5wyd.onion/,hacking
http://2v76ezf5venz3tjks4xj4uqjy6rmqxgmedifgmzxvtqfmfzowkm4q3ad.onion/,hacking
http://2wqipn2dgajau3oh2n2ffdsqjccltthg2y34jyibcuaqphd45y6p2wqd.onion/,hacking
http://gamekjfgdgb3hwndb2dluyfn5y764uoshvepuibwkstiz5gdqgtf7bid.onion/,hacking
http://3nztridmoowp2iwtvvso5z3m2yepc6kl65fcvbe2v527qfl345r6neid.onion/,hacking
http://3wzonmpznwyzqqboe2dhgwvtojflafse4fzddlefogqabxjsz53qwlqd.onion/,hacking
http://3xdlve3wm3gu5ahwlaeaelcavyfa5nvvkf5qxpz462noe7jicbrvbfqd.onion/,hacking
http://3y4hlpgjuuhbasicj767bxr3zgnx5z3wbmwrncd7tvva7mirjceunbad.onion/,hacking
http://46bx2y5ubqftjo6lnmvb7yjvbrzathjng4eqqtxh25jog676puk4oead.onion/,hacking
http://47zttnmkrca3fivumler6d5t7cq5zdvh6ztsahw72rt3pln3eroy5gqd.onion/,hacking
http://4aungu4fqbjuxwjpmsrfcmlkxk6i6hvxmh5pwqz32x5qolq2koutkhad.onion/,hacking
http://4exonnporp2m3k563ry72quuuf6n3d3yzxmpim7bjyn4ejdwfkuoksqd.onion/,hacking
http://4mkx6uik6lbtl3qjlmd4nycvdbjvzqmcdr2t6h4bpp44hoif5zstmiyd.onion/,hacking
http://7xislaao7uegjqo3proeiglcflb2nlhwjhatmbq6cmjwo3jajvggh4yd.onion/,hacking
http://4pgl5yvrwgxflqbrvhoxsmkvocgx3qzscmmi2nmbm4juyfgemkikodad.onion/,hacking
http://4zr5oozr6rqmun7e3yydzzuqha2l2op2h6wx4zc4nizm43b6jattlwyd.onion/,hacking
http://leaksndi6i6m2ji6ozulqe4imlrqn6wrgjlhxe25vremvr3aymm4aaid.onion/,leaks
http://5butbkrljkaorg5maepuca25oma7eiwo6a2rlhvkblb4v6mf3ki2ovid.onion/,leaks
http://j3dp6okmaklajrsk6zljl5sfa2vpui7j2w6cwmhmmqhab6frdfbphhid.onion/,leaks
http://rnsmwareartse3m4hjsumjf222pnka6gad26cqxqmbjvevhbnym5p6ad.onion/,leaks
http://rnsmwareartse3m4hjsumjf222pnka6gad26cqxqmbjvevhbnym5p6ad.onion/,leaks
http://rhysidafohrhyy2aszi7bm32tnjat5xri65fopcxkdfxhi4tidsg7cad.onion/,leaks
http://ijzn3sicrcy7guixkzjkib4ukbiilwc3xhnmby4mcbccnsd7j2rekvqd.onion/,leaks
http://nitrogenczslprh3xyw6lh5xyjvmsz7ciljoqxxknd7uymkfetfhgvqd.onion,leaks
https://www.csidb.net/csidb/actors/88d6ccdf-1758-4014-b7ff-bfdffb7c2c1e/,leaks
http://lynxblogco7r37jt7p5wrmfxzqze7ghxw6rihzkqc455qluacwotciyd.onion/leaks,leaks
http://3ev4metjirohtdpshsqlkrqcmxq6zu3d7obrdhglpy5jpbr7whmlfgqd.onion/,leaks
http://krakenccj3wr23452a4ibkbkuph4d6soyx2xgjoogtuamc3m7u7wemad.onion/,leaks
http://incblog6qu4y4mm4zvw5nrmue6qbwtgjsxpw6b7ixzssu36tsajldoad.onion/blog/disclosures/67f4f6f0516e69ca615e9bf1,leaks
http://embargobe3n5okxyzqphpmk3moinoap2snz5k6765mvtkk7hhi544jid.onion/#/,leaks
http://34o4m3f26ucyeddzpf53bksy76wd737nf2fytslovwd3viac3by5chad.onion/leaks,leaks
http://blogvl7tjyjvsfthobttze52w36wwiz34hrfcmorgvdzb6hikucb7aqd.onion/news.php?page=1,leaks
http://z6wkgghtoawog5noty5nxulmmt2zs7c3yvwr22v4czbffdoly2kl4uad.onion/,leaks
http://j5o5y2feotmhvr7cbcp2j2ewayv5mn5zenl3joqwx67gtfchhezjznad.onion/,leaks
http://ciphbitqyg26jor7eeo6xieyq7reouctefrompp6ogvhqjba7uo4xdid.onion/,leaks
http://hptqq2o2qjva7lcaaq67w36jihzivkaitkexorauw7b2yul2z6zozpqd.onion/list,leaks
http://yrz6bayqwhleymbeviter7ejccxm64sv2ppgqgderzgdhutozcbbhpqd.onion/,leaks
http://ks5424y3wpr5zlug5c7i6svvxweinhbdcqcfnptkfcutrncfazzgz5id.onion/posts.php,leaks
http://nsalewdnfclsowcal6kn5csm4ryqmfpijznxwictukhrgvz2vbmjjjyd.onion/,leaks
http://7ukmkdtyxdkdivtjad57klqnd3kdsmq6tp45rrsxqnu76zzv3jvitlqd.onion/,leaks
http://vkvsgl7lhipjirmz6j5ubp3w3bwvxgcdbpi3fsbqngfynetqtw4w5hyd.onion/,leaks
http://22a2baayahvabkgfvq2cmg4li4h6sg4bzi4in24lmlgncfiy2jtv5oid.onion/,cryptocurrency
http://2xjmhc3m47gs4vw24i5yv2hjwd4iv7nknm24fogzec3dxu4yjucsewqd.onion/,cryptocurrency
http://2uproygdafdiypa6rpezvinj2sguc3swjzkw5r2szs6bb2ltavs7nsyd.onion/,cryptocurrency
http://2bcbla34hrkp6shb4myzb2wntl2fxdbrroc2t4t7c3shckvhvk4fw6qd.onion/,cryptocurrency
http://2btc3nzfvbqlr5vonrjajmlgd36nnsgz3vqtga5lwfprnok6avcjtxyd.onion/,cryptocurrency
http://2btc5sa3gboai65t62ay2u67omw363pbopg5ht3um45ymefstixvjcqd.onion/,cryptocurrency
http://2cjsmv7gvdq3jmfvz3o2x42jlhkghx7tgh2sgkakboysps77suick6yd.onion/,cryptocurrency
http://2ezyofc26j73hv3xxvsrnbc23dqxhgxqtk5ogcc7y6j5t6rlqquvhzid.onion/,cryptocurrency
http://2yywefj5ge7ijhd4bz4lq4qobrgmyz2n5oou5haliainkqgkuoaiddqd.onion/,cryptocurrency
http://7drcqi7ae2v37ten6glnvoii7tgfm3dzolnnafgzh5gonfhil6xfpkyd.onion/,cryptocurrency
http://5jnj77ajyshfol4w7ccafhg3vdq3l5gvdhslmmiwf6rvffwapc5t7kid.onion/,cryptocurrency
http://5rn3rrzzgcawr5uhoor72er3lk4u3n33n674o6gy6ejrxwkoozf2c3id.onion/,cryptocurrency
http://6eszehqthsgyseqcyg27vibtmaqiyzq2njfj3e6cvgvlrqqauyanmkqd.onion/,cryptocurrency
http://6vqlua77ndgv6dhau7ezicnjywx7nbamlng4xv2wipxmrk7ilpmozead.onion/,cryptocurrency
http://7ca5e2wnodo62scwnvl6bwsbuklryudth4iis2uebfufvrmrn2cqrsad.onion/speeduptx/,cryptocurrency
http://cpsexibqgo5pcqtl6q5zrys5ziy4zgbte6m4pojugk332dysy3ohasqd.onion/,adult
http://2d7mwsxesehwd5aqa4pq4neejbggi2v3c3vf4ev5hj7g2ejrm6a23iad.onion/,adult
http://2jwzopfhrfcha2gthgnrjrucwum7ghr7ncrvdzkbcez3jgeqxtswwxad.onion/,adult
http://2wp7jpbchfbxtl6ggl5suk3wxp2n5e7yvarvv565spuvicawjtkvpeid.onion/,adult
http://2zkab6j7jgthydaerr7nh7ceo2pkzndqrry7muxyxc6y4v5rvydvvmid.onion/,adult
http://365cp5d73xw73cvxisizplynlndhlxcglzsqmzvedhsnxng5y3ivllqd.onion/,adult
http://3hahykuw3qs4mluvusgxynl4khaoi6byijcakty7ushuzfafgw5dz5ad.onion/,adult
http://3spveue46jt5fewiwimqvtqyoashoel7sjl3c6zgynnwkqvt547itbyd.onion/,adult
http://422eqoay7qwhbgk3h2p7y3b76pcr6ocrozhozcxdjw2zlnsqgbhtbfad.onion/,adult
http://4tqshnncj64aa3c64xknzrypbnpq6xlig44ehseni3w7oztkxrfopzqd.onion/,adult
http://22tojepqmpah32fkeuurutki7o5bmb45uhmgzdg4l2tk34fkdafgt7id.onion/,general
http://6pxxjp7l2fervwwxiwr7kkheoed2gch6c2kkpionsjckk2molias2cad.onion/,general
http://27wyhuamw5mcwqdtc3t3i6jpes6m66glmxjtgx7mpkhplniituxin6qd.onion/,general
http://27zjwyzy2fykq7xwgzi5jjmrzaewvqh2b2447e5mwas5em2b5luseiqd.onion/,general
http://2cacklzoqtb3nhug4n3hizwxupqreekbeu5c2swachpmefvehvwz5nyd.onion/,general
http://2crftbzxbcoqolvzreaaeyrod5qwycayef55gxgzgfcpqlaxrnh3kkqd.onion/,general
http://2ev6kqzhbeunwggycxvbucx4tf73ahczqa6xcpmtswexp7qu4bd65myd.onion/,general
http://2jwcnprqbugvyi6ok2h2h7u26qc6j5wxm7feh3znlh2qu3h6hjld4kyd.onion/,general
http://6k3rosa5oomvthrn6e7gfrdzhuf35zenpg7ymzkitofc4d37zcvcbyqd.onion/,general
http://2nhk4glwvh35tlv66wckm3bd3r5kl5vbt7oex5t7oi7lrh3rh72afzid.onion/,general
http://2ofeyrdn7grjb3qrutz63e3odjtuvvlysaxhtiyhojyfauleu6fxpcqd.onion/,general
http://2ptiqpat72arh757vmedx7erbbbkdgqlxv53hsqt4cymypo2k5y577ad.onion/,general
http://5wvugn3zqfbianszhldcqz2u7ulj3xex6i3ha3c5znpgdcnqzn24nnid.onion/,general
http://2s4yqjx5ul6okpp3f2gaunr2syex5jgbfpfvhxxbbjwnrsvbk5v3qbid.onion/debian/,general
http://2z7le7dgf6jffucj5gc6xv6sbtg7ajvsyoflxthekc3ereoensl4w3yd.onion/,general
http://2zjcvkjivm5ykgnbztdbbeaepqqkumogppd235fbvl2xms3qv5hdwdad.onion/,general
http://5oddxxn7dhjurvsdxjx6qjwz2duxsipkfkhfyeox2z5p3r3bij6z3fid.onion/,general
http://5hl54he7zgxoscax4olsotpbrnsbukniajv2ch2zqhbeckkhrlzkmgid.onion/,general
http://537ztcntpbmspja4mkpxldpsoc46mqlssnsaklqnfw3gnlpj5glcjgid.onion/,general
http://4rzs2b6hhi7jlq7crwyts6qcxxz4nmkmdkf3sblbjzcbxlj5mgsse5ad.onion/,general
