Urls,Keywords,Category
http://2vy3seh2uzpsri2rxxtqgm5dftm52v6dz2ot2gegfwkk2dznagwuirqd.onion/,,marketplace 
http://3x3augxx3p4ihmsxpywjbblbojuafyolm2nkwv5frbim4jwwhcq2fcyd.onion/,"services, offer, order, carding, money, hashkeys, cash, flip, card, crypto",marketplace 
http://35tfbmvjt2e46nf2bzdko56lgzpyhh7jnz6az5jneqma7vd53zpiyyqd.onion/,"gift, card, cards, payment, gamecard, gamecards, email, amazon, itunes, google",marketplace 
http://27bpwh4budb6oayluqumxopwryuufaycckuw4546o247yrqq34glsyqd.onion/,"price, glock, luger, springfield, smith, wesson, automatic, beretta, magnum, sauer",marketplace 
http://4fxkqnlw3qrxlmh5snjd6cph3hdirywdgvxpfj3boqxrtjklxmorvuyd.onion/,"card, price, cards, shipping, balance, payment, work, bank, online, cash",marketplace 
http://3epkneltjskkpkwzh2jrproigp4ln7p4ndszoarp3nmspbvgwn4c4nqd.onion/,"send, mail, address, name, code, country, comments, skimmer, insert, diebold",marketplace 
http://2bs2qja5myeel6svfetajnvxxojnoop6x44c5k2kdldz5o72dw6qvfid.onion/,"down, offline, not reachable",marketplace 
http://4vuepr57mm7bf5lzng54saq2qycsvu6ivlvxllvgccslqt6eygtslgid.onion/,"down, offline, not reachable",marketplace 
http://3bp7szl6ehbrnitmbyxzvcm3ieu7ba2kys64oecf4g2b65mcgbafzgqd.onion/,"passports, passport, info, pictures, real, original, information, send, country, price",marketplace 
http://45xl2r2x6u4x2p7yxt5ix3ddqtvdzwr3bzdmlb7yvho5ukfmp7akvlid.onion/,"down, offline, not reachable",marketplace 
http://2zkkcddgmkjw3igg7drgmyfwtffrgbcesezlbjnd3nkxx4orncx2l5ad.onion/,"hacking, information, services, want, password, account, group, service, change, hacker",hacking
http://3f552hdcxvz4xi65iw56h4lemiyvps7yk6gym7hun52enmjslg2o6rqd.onion/,"hacking, service, email, protection, telegram, expert, hacker, solutions, expertise, facebook",hacking
http://3vwpdbmsddk6ve5jc24cmvdta4k2zlynwfs5dksoxh6yw6emqq6kgtyd.onion/,"account, hacking, price, delay, maximum, hours, password, invade, services, twitter",hacking
http://4cad6o6bqu54ow32esmc67ih4ufs2in6zxgwfh6v7jnx6cco3zoulvad.onion/,"hacker, hire, hacking, consultation, contact, account, phonejacking, free, information, professional",hacking
http://2bia2onkcut54hdsqqc3dypu6exezgfoelrrjwpnkfvg633ax4wz5wyd.onion/,"hacker, hire, services, hackers, professional, ethical, hack, online, hacking, mobile",hacking
http://2v76ezf5venz3tjks4xj4uqjy6rmqxgmedifgmzxvtqfmfzowkm4q3ad.onion/,"rated, hacking, hack, bitcoin, software, call, price, lumos, group, hire",hacking
http://2wqipn2dgajau3oh2n2ffdsqjccltthg2y34jyibcuaqphd45y6p2wqd.onion/,"hire, hacking, hackers, hacker, services, email, world, xnethacker, professional, provide",hacking
http://3bknn4p4fu46s6ovepdies5zqxn55cxavvfi4d7blkoi4wbpovdj2aid.onion/,"recovery, cyber, services, team, thehackinghubb, email, experts, hack, best, recover",hacking
http://3nztridmoowp2iwtvvso5z3m2yepc6kl65fcvbe2v527qfl345r6neid.onion/,"program, hacking, programs, price, want, write, hack, besthacker, tuta, sell",hacking
http://3wzonmpznwyzqqboe2dhgwvtojflafse4fzddlefogqabxjsz53qwlqd.onion/,"phone, access, information, device, number, service, account, victim, money, need",hacking
http://3xdlve3wm3gu5ahwlaeaelcavyfa5nvvkf5qxpz462noe7jicbrvbfqd.onion/,"cart, hacking, services, hours, uhack, work, website, clearnet, ddos, sign",hacking
http://3y4hlpgjuuhbasicj767bxr3zgnx5z3wbmwrncd7tvva7mirjceunbad.onion/,"hacking, server, custom, attacks, need, social, digital, forensics, ddos, software",hacking
http://46bx2y5ubqftjo6lnmvb7yjvbrzathjng4eqqtxh25jog676puk4oead.onion/,"cart, view, username, sample, password, free, sort, ddos, email, hack",hacking
http://47zttnmkrca3fivumler6d5t7cq5zdvh6ztsahw72rt3pln3eroy5gqd.onion/,"hire, hackers, hacking, phone, hack, services, hacker, social, media, account",hacking
http://4aungu4fqbjuxwjpmsrfcmlkxk6i6hvxmh5pwqz32x5qolq2koutkhad.onion/,"hacker, hackers, hire, hacking, forces, professional, services, computer, need, hours",hacking
http://4exonnporp2m3k563ry72quuuf6n3d3yzxmpim7bjyn4ejdwfkuoksqd.onion/,"hacking, hacker, hackers, access, vulnerabilities, information, systems, unauthorized, social, involves",hacking
http://4mkx6uik6lbtl3qjlmd4nycvdbjvzqmcdr2t6h4bpp44hoif5zstmiyd.onion/,"facebook, account, hack, disable, profile, hacker, telegram, work, process, want",hacking
http://7xislaao7uegjqo3proeiglcflb2nlhwjhatmbq6cmjwo3jajvggh4yd.onion/,"hire, hacker, hacking, hackers, professional, services, email, hack, need, best",hacking
http://4pgl5yvrwgxflqbrvhoxsmkvocgx3qzscmmi2nmbm4juyfgemkikodad.onion/,"whatsapp, account, hacking, email, hack, send, password, address, bitcoins, please",hacking
http://4zr5oozr6rqmun7e3yydzzuqha2l2op2h6wx4zc4nizm43b6jattlwyd.onion/,"history, iphone, mobile, hacking, messages, services, text, transmitter, remote, contact",hacking
https://47glxkuxyayqrvugfumgsblrdagvrah7gttfscgzn56eyss5wg3uvmqd.onion/,"down, offline, not reachable",leaks
http://5butbkrljkaorg5maepuca25oma7eiwo6a2rlhvkblb4v6mf3ki2ovid.onion/,"download, published, file, views, hour, minute, https, services, company, months",leaks
http://j3dp6okmaklajrsk6zljl5sfa2vpui7j2w6cwmhmmqhab6frdfbphhid.onion/,"download, listing, data, revenue, million, view, gmbh, foyernotredamedepaix, safepay, freudenberg",leaks
http://rnsmwareartse3m4hjsumjf222pnka6gad26cqxqmbjvevhbnym5p6ad.onion/,"info, management, harvest, years, gilbert, wares, software, company, specialized, supply",leaks
http://rnsmwareartse3m4hjsumjf222pnka6gad26cqxqmbjvevhbnym5p6ad.onion/,"info, management, harvest, years, gilbert, wares, software, company, specialized, supply",leaks
http://rhysidafohrhyy2aszi7bm32tnjat5xri65fopcxkdfxhi4tidsg7cad.onion/,"contact, rhysida, email, please, send, news, onionmail, company, form, auctions",leaks
http://ijzn3sicrcy7guixkzjkib4ukbiilwc3xhnmby4mcbccnsd7j2rekvqd.onion/,"company, photos, files, learn, data, available, download, firm, services, construction",leaks
http://nitrogenczslprh3xyw6lh5xyjvmsz7ciljoqxxknd7uymkfetfhgvqd.onion,"down, offline, not reachable",leaks
http://mydatae2d63il5oaxxangwnid5loq2qmtsol2ozr6vtb7yfm5ypzo6id.onion/blog,"data, https, published, financial, information, firsttx, customer, company, employee, employees",leaks
http://lynxblogco7r37jt7p5wrmfxzqze7ghxw6rihzkqc455qluacwotciyd.onion/leaks,"down, offline, not reachable",leaks
http://lockbit7z2jwcskxpbokpemdxmltipntwlkmidcll2qirbu7ykg46eyd.onion/,"down, offline, not reachable",leaks
http://krakenccj3wr23452a4ibkbkuph4d6soyx2xgjoogtuamc3m7u7wemad.onion/,"details, http, onion, leak, kraken, blog, cisco, time, hellokitty, circul",leaks
http://incblog6qu4y4mm4zvw5nrmue6qbwtgjsxpw6b7ixzssu36tsajldoad.onion/blog/disclosures/67f4f6f0516e69ca615e9bf1,null,leaks
http://embargobe3n5okxyzqphpmk3moinoap2snz5k6765mvtkk7hhi544jid.onion/#/,"embargo, need, enable, javascript",leaks
http://34o4m3f26ucyeddzpf53bksy76wd737nf2fytslovwd3viac3by5chad.onion/leaks,"frag, blog",leaks
http://blogvl7tjyjvsfthobttze52w36wwiz34hrfcmorgvdzb6hikucb7aqd.onion/news.php?page=1,"news, need, enable, javascript",leaks
http://z6wkgghtoawog5noty5nxulmmt2zs7c3yvwr22v4czbffdoly2kl4uad.onion/,"uncategorized, published, categorized, information, files, price, sale, data, descriptionemployee, customer",leaks
http://j5o5y2feotmhvr7cbcp2j2ewayv5mn5zenl3joqwx67gtfchhezjznad.onion/,"public, data, storage, need, enable, javascript",leaks
http://ciphbitqyg26jor7eeo6xieyq7reouctefrompp6ogvhqjba7uo4xdid.onion/,"company, post, date, service, quality, years, services, solutions, companies, group",leaks
http://hptqq2o2qjva7lcaaq67w36jihzivkaitkexorauw7b2yul2z6zozpqd.onion/list,chaos,leaks
http://yrz6bayqwhleymbeviter7ejccxm64sv2ppgqgderzgdhutozcbbhpqd.onion/,"learn, updated, solutions, offer, business, sunlux, company, brazil, auxis, world",leaks
http://ks5424y3wpr5zlug5c7i6svvxweinhbdcqcfnptkfcutrncfazzgz5id.onion/posts.php,"disclosures, announcement, supply, company, global, medical, important, status, featured, crushftp",leaks
http://nsalewdnfclsowcal6kn5csm4ryqmfpijznxwictukhrgvz2vbmjjjyd.onion/,"https, company, zoominfo, date, status, views, read, fully, published, linney",leaks
http://7ukmkdtyxdkdivtjad57klqnd3kdsmq6tp45rrsxqnu76zzv3jvitlqd.onion/,"leak, data, includes, public, site, https, available, stolen, full, dump",leaks
http://vkvsgl7lhipjirmz6j5ubp3w3bwvxgcdbpi3fsbqngfynetqtw4w5hyd.onion/,"download, open, brain, cipher, leaks, main, rules, iycsa, edisoft, valedolobo",leaks
http://22a2baayahvabkgfvq2cmg4li4h6sg4bzi4in24lmlgncfiy2jtv5oid.onion/,"down, offline, not reachable",cryptocurrency
http://2xjmhc3m47gs4vw24i5yv2hjwd4iv7nknm24fogzec3dxu4yjucsewqd.onion/,"transfer, transaction, link, deleted, safety, airdrop, wallet, order, transfers, added",cryptocurrency
http://2uproygdafdiypa6rpezvinj2sguc3swjzkw5r2szs6bb2ltavs7nsyd.onion/,"private, address, balance, bitcoin, price, sold, blockchain, wallet, warning, clearnet",cryptocurrency
http://2bcbla34hrkp6shb4myzb2wntl2fxdbrroc2t4t7c3shckvhvk4fw6qd.onion/,"sell, worth, bitcoins, virtual, currency, cash, paypal, bitcoin, mail, ethereum",cryptocurrency
http://2btc3nzfvbqlr5vonrjajmlgd36nnsgz3vqtga5lwfprnok6avcjtxyd.onion/,"down, offline, not reachable",cryptocurrency
http://2btc5sa3gboai65t62ay2u67omw363pbopg5ht3um45ymefstixvjcqd.onion/,"bitcoin, bitcoins, onionwallet, anonymous, secure, wallet, using, mixer, laundry, simple",cryptocurrency
http://2cjsmv7gvdq3jmfvz3o2x42jlhkghx7tgh2sgkakboysps77suick6yd.onion/,"bitcoin, wallets, credit, leaked, credits, price, mixer, database, selected, transfer",cryptocurrency
http://2ezyofc26j73hv3xxvsrnbc23dqxhgxqtk5ogcc7y6j5t6rlqquvhzid.onion/,"earn, week, interest, invest, bitcoin, investment, trust, client, traders, bitcoins",cryptocurrency
http://2yywefj5ge7ijhd4bz4lq4qobrgmyz2n5oou5haliainkqgkuoaiddqd.onion/,"available, bitcoin, wallets, wallet, sale, sold, amount, collection, darknet, market",cryptocurrency
http://4yx2akutmkhwfgzlpdxiah7cknurw6vlddlq24fxa3r3ebophwgpvhyd.onion/,"down, offline, not reachable",cryptocurrency
http://5jnj77ajyshfol4w7ccafhg3vdq3l5gvdhslmmiwf6rvffwapc5t7kid.onion/,"bitcoin, operation, item, coins, guarantee, cryptomixer, letter, address, current, mixing",cryptocurrency
http://5rn3rrzzgcawr5uhoor72er3lk4u3n33n674o6gy6ejrxwkoozf2c3id.onion/,"mixer, bitcoin, service, address, want, information, tumbler, next, bitcoins, store",cryptocurrency
http://6eszehqthsgyseqcyg27vibtmaqiyzq2njfj3e6cvgvlrqqauyanmkqd.onion/,"wallet, hash, password, bitcoin, extractor, information, service, case, help, provide",cryptocurrency
http://6vqlua77ndgv6dhau7ezicnjywx7nbamlng4xv2wipxmrk7ilpmozead.onion/,"bitcoin, double, btcs, invest, mining, investing, generator, hours, gambling, doubler",cryptocurrency
http://7ca5e2wnodo62scwnvl6bwsbuklryudth4iis2uebfufvrmrn2cqrsad.onion/speeduptx/,"transaction, bitcoin, speed, accelerator, speeduptx, rebroadcast, nodes, unconfirmed, transactions, hours",cryptocurrency
http://cpsexibqgo5pcqtl6q5zrys5ziy4zgbte6m4pojugk332dysy3ohasqd.onion/,"porn, visit, teen, best, orgasm, cute, boys, young, onion, collection",adult
http://2d7mwsxesehwd5aqa4pq4neejbggi2v3c3vf4ev5hj7g2ejrm6a23iad.onion/,"down, offline, not reachable",adult
http://2jwzopfhrfcha2gthgnrjrucwum7ghr7ncrvdzkbcez3jgeqxtswwxad.onion/,"views, videos, anal, porn, rape, amateur, bitch, best, mature, pussy",adult
http://2wp7jpbchfbxtl6ggl5suk3wxp2n5e7yvarvv565spuvicawjtkvpeid.onion/,"down, offline, not reachable",adult
http://2zkab6j7jgthydaerr7nh7ceo2pkzndqrry7muxyxc6y4v5rvydvvmid.onion/,"videos, mini, tariff, lolitas, collection, terabytes, video, secure, safe, mail",adult
http://365cp5d73xw73cvxisizplynlndhlxcglzsqmzvedhsnxng5y3ivllqd.onion/,"first, young, girl, fucked, sister, authorized, login, sign, children, porno",adult
http://3hahykuw3qs4mluvusgxynl4khaoi6byijcakty7ushuzfafgw5dz5ad.onion/,"porno, porn, video, free, online, teen, videos, tube, russian, film",adult
http://3spveue46jt5fewiwimqvtqyoashoel7sjl3c6zgynnwkqvt547itbyd.onion/,"videos, mini, super, welcome, links, terabytes, video, photo, glad, finally",adult
http://422eqoay7qwhbgk3h2p7y3b76pcr6ocrozhozcxdjw2zlnsqgbhtbfad.onion/,"little, love, continue, weekly, uploads, contributors, around, world, girls, boys",adult
http://4tqshnncj64aa3c64xknzrypbnpq6xlig44ehseni3w7oztkxrfopzqd.onion/,"access, video, please, price, exclusive, photo, member, section, collection, choose",adult
http://22tojepqmpah32fkeuurutki7o5bmb45uhmgzdg4l2tk34fkdafgt7id.onion/,"cards, bitcoin, search, deep, link, engine, links, dark, darknet, onion",general
http://26r65jkpdm6p53couxks3vztnqc72ofddfrvl5li6a2l3qrx7nqraoyd.onion/,"services, ahmia, hacking, links, hidden, searched, hackers, service, crypto, abuse",general
http://27wyhuamw5mcwqdtc3t3i6jpes6m66glmxjtgx7mpkhplniituxin6qd.onion/,"market, markets, onion, hidden, services, darknet, privacy, marketplaces, security, users",general
http://27zjwyzy2fykq7xwgzi5jjmrzaewvqh2b2447e5mwas5em2b5luseiqd.onion/,"stream, airwave, broadcast, name, description, mount, point, live, xspf, unspecified",general
http://2cacklzoqtb3nhug4n3hizwxupqreekbeu5c2swachpmefvehvwz5nyd.onion/,"ducks, party, settings, instances, news, source, donate, project, clearnet, report",general
http://2crftbzxbcoqolvzreaaeyrod5qwycayef55gxgzgfcpqlaxrnh3kkqd.onion/,"dotya, gitea, code, good, like, bloat, software, website, requires, javascript",general
http://2ev6kqzhbeunwggycxvbucx4tf73ahczqa6xcpmtswexp7qu4bd65myd.onion/,"caddy, site, domain, records, files, html, caddyfile, need, everything, take",general
http://2jwcnprqbugvyi6ok2h2h7u26qc6j5wxm7feh3znlh2qu3h6hjld4kyd.onion/,"onion, http, bitcoin, hidden, store, wiki, dark, mixer, cannabis, best",general
http://2mqeepkwhpadzjd6o3iktot4loebjzmbffbvkuq3huiunay7co7vorad.onion/,"down, offline, not reachable",general
http://2nhk4glwvh35tlv66wckm3bd3r5kl5vbt7oex5t7oi7lrh3rh72afzid.onion/,"scam, site, list, onion, http, verified, money, sites, links, want",general
http://2ofeyrdn7grjb3qrutz63e3odjtuvvlysaxhtiyhojyfauleu6fxpcqd.onion/,"mind, read, digital, crystals, humans, information, human, also, physical, inspiration",general
http://2ptiqpat72arh757vmedx7erbbbkdgqlxv53hsqt4cymypo2k5y577ad.onion/,"pookie, funny, website, cutie, scientists, trust, atoms, make, everything, scarecrow",general
http://2rwwci4d7xwt43idrarmpj2soxrhkyziua5ruhmqeajtimw7kgjwjnad.onion/,"telnet, supports, file, archaicbinary, syncterm, servers, archaic, binary, bulletin, board",general
http://2s4yqjx5ul6okpp3f2gaunr2syex5jgbfpfvhxxbbjwnrsvbk5v3qbid.onion/debian/,"debian, information, readme, mirrors, releases, archive, html, indices, current, released",general
http://2z7le7dgf6jffucj5gc6xv6sbtg7ajvsyoflxthekc3ereoensl4w3yd.onion/,"shout, find, screams, room, would, passphrase, forgot, espanol, francais, deutsche",general
http://2zjcvkjivm5ykgnbztdbbeaepqqkumogppd235fbvl2xms3qv5hdwdad.onion/,"data, database, person, provider, dark, provide, personal, inquiry, legend, owner",general
http://3etoyin4rkgyd7o24pmqyos7s3m5w5bcjlqccnrdhj5ic4vorjc27uqd.onion/,"future, dark, lies, ahead, knowing, happening, send, mail, retrogamerp, proton",general
http://3ovgluiewtvw7rxz3mydlnt3h76gcor62qiitjkm3byl56xgdppngvad.onion/,"hosting, free, onion, support, disk, based, storage, test, register, domains",general
http://3utrg7ag5f65goyh3u4vqg3zz5l67ucs2bf3dfgjdmvmfpvgsuflseqd.onion/,"fixed, matches, elite, bets, months, telegram, team, experts, years, experience",general
http://3veapfc2xpg4ouflejs2r2y3z6nkrylqkx25ruxtqpznxeyfycvhhrqd.onion/,"translate, libretranslate, edit, text, docs, github, language, english, bulgarian, czech",general

